{
  "accuracy": 0.7741541196733152,
  "roc_auc": 0.8571412811300022,
  "classification_report": {
    "0": {
      "precision": 0.7772160431412201,
      "recall": 0.7686666666666667,
      "f1-score": 0.7729177140941846,
      "support": 9000.0
    },
    "1": {
      "precision": 0.7711584963728292,
      "recall": 0.7796421824647183,
      "f1-score": 0.7753771343316572,
      "support": 8999.0
    },
    "accuracy": 0.7741541196733152,
    "macro avg": {
      "precision": 0.7741872697570247,
      "recall": 0.7741544245656925,
      "f1-score": 0.7741474242129209,
      "support": 17999.0
    },
    "weighted avg": {
      "precision": 0.7741874380315612,
      "recall": 0.7741541196733152,
      "f1-score": 0.7741473558918965,
      "support": 17999.0
    }
  }
}